<?xml version="1.0" encoding="UTF-8"?>
<export version="D">
  <design>
    <source>/home/pietervdvn/git/Luchtlichtje/v0.2/Hardware/LuchtLampje/LuchtLampje.sch</source>
    <date>Fre 24 Aug 2018 02:11:11 CEST</date>
    <tool>Eeschema 4.0.6+dfsg1-1</tool>
    <sheet number="1" name="/" tstamps="/">
      <title_block>
        <title>Luchtlampje 1.0</title>
        <company>Pieter Vander Vennet</company>
        <rev>0.1</rev>
        <date>2018-05-14</date>
        <source>LuchtLampje.sch</source>
        <comment number="1" value=""/>
        <comment number="2" value=""/>
        <comment number="3" value=""/>
        <comment number="4" value=""/>
      </title_block>
    </sheet>
  </design>
  <components>
    <comp ref="D1">
      <value>GREEN</value>
      <footprint>LEDs:LED_D5.0mm</footprint>
      <libsource lib="device" part="LED"/>
      <sheetpath names="/" tstamps="/"/>
      <tstamp>5AF1F71B</tstamp>
    </comp>
    <comp ref="ESP_D1">
      <value>CONN_01X15</value>
      <footprint>Socket_Strips:Socket_Strip_Straight_1x15_Pitch2.54mm</footprint>
      <libsource lib="conn" part="CONN_01X15"/>
      <sheetpath names="/" tstamps="/"/>
      <tstamp>5AF1F7A0</tstamp>
    </comp>
    <comp ref="D2">
      <value>GREEN</value>
      <footprint>LEDs:LED_D5.0mm</footprint>
      <libsource lib="device" part="LED"/>
      <sheetpath names="/" tstamps="/"/>
      <tstamp>5AF37804</tstamp>
    </comp>
    <comp ref="D3">
      <value>YELLOW</value>
      <footprint>LEDs:LED_D5.0mm</footprint>
      <libsource lib="device" part="LED"/>
      <sheetpath names="/" tstamps="/"/>
      <tstamp>5AF3787E</tstamp>
    </comp>
    <comp ref="D4">
      <value>YELLOW</value>
      <footprint>LEDs:LED_D5.0mm</footprint>
      <libsource lib="device" part="LED"/>
      <sheetpath names="/" tstamps="/"/>
      <tstamp>5AF378BD</tstamp>
    </comp>
    <comp ref="D5">
      <value>RED</value>
      <footprint>LEDs:LED_D5.0mm</footprint>
      <libsource lib="device" part="LED"/>
      <sheetpath names="/" tstamps="/"/>
      <tstamp>5AF37DF9</tstamp>
    </comp>
    <comp ref="D6">
      <value>RED</value>
      <footprint>LEDs:LED_D5.0mm</footprint>
      <libsource lib="device" part="LED"/>
      <sheetpath names="/" tstamps="/"/>
      <tstamp>5AF37E4C</tstamp>
    </comp>
    <comp ref="D7">
      <value>GREEN</value>
      <footprint>LEDs:LED_D5.0mm</footprint>
      <libsource lib="device" part="LED"/>
      <sheetpath names="/" tstamps="/"/>
      <tstamp>5AF3A73A</tstamp>
    </comp>
    <comp ref="D8">
      <value>GREEN</value>
      <footprint>LEDs:LED_D5.0mm</footprint>
      <libsource lib="device" part="LED"/>
      <sheetpath names="/" tstamps="/"/>
      <tstamp>5AF3A749</tstamp>
    </comp>
    <comp ref="D9">
      <value>YELLOW</value>
      <footprint>LEDs:LED_D5.0mm</footprint>
      <libsource lib="device" part="LED"/>
      <sheetpath names="/" tstamps="/"/>
      <tstamp>5AF3A750</tstamp>
    </comp>
    <comp ref="D10">
      <value>YELLOW</value>
      <footprint>LEDs:LED_D5.0mm</footprint>
      <libsource lib="device" part="LED"/>
      <sheetpath names="/" tstamps="/"/>
      <tstamp>5AF3A757</tstamp>
    </comp>
    <comp ref="D11">
      <value>RED</value>
      <footprint>LEDs:LED_D5.0mm</footprint>
      <libsource lib="device" part="LED"/>
      <sheetpath names="/" tstamps="/"/>
      <tstamp>5AF3A766</tstamp>
    </comp>
    <comp ref="D12">
      <value>RED</value>
      <footprint>LEDs:LED_D5.0mm</footprint>
      <libsource lib="device" part="LED"/>
      <sheetpath names="/" tstamps="/"/>
      <tstamp>5AF3A76D</tstamp>
    </comp>
    <comp ref="ESP_D2">
      <value>CONN_01X15</value>
      <footprint>Socket_Strips:Socket_Strip_Straight_1x15_Pitch2.54mm</footprint>
      <libsource lib="conn" part="CONN_01X15"/>
      <sheetpath names="/" tstamps="/"/>
      <tstamp>5AFAB4F9</tstamp>
    </comp>
    <comp ref="R3">
      <value>220</value>
      <footprint>Resistors_THT:R_Axial_DIN0411_L9.9mm_D3.6mm_P12.70mm_Horizontal</footprint>
      <libsource lib="device" part="R"/>
      <sheetpath names="/" tstamps="/"/>
      <tstamp>5B7F3756</tstamp>
    </comp>
    <comp ref="R4">
      <value>220</value>
      <footprint>Resistors_THT:R_Axial_DIN0411_L9.9mm_D3.6mm_P12.70mm_Horizontal</footprint>
      <libsource lib="device" part="R"/>
      <sheetpath names="/" tstamps="/"/>
      <tstamp>5B7F37D3</tstamp>
    </comp>
    <comp ref="R5">
      <value>220</value>
      <footprint>Resistors_THT:R_Axial_DIN0411_L9.9mm_D3.6mm_P12.70mm_Horizontal</footprint>
      <libsource lib="device" part="R"/>
      <sheetpath names="/" tstamps="/"/>
      <tstamp>5B7F3820</tstamp>
    </comp>
    <comp ref="R2">
      <value>R_PHOTO</value>
      <footprint>Discret:R1</footprint>
      <libsource lib="device" part="R_PHOTO"/>
      <sheetpath names="/" tstamps="/"/>
      <tstamp>5B7F41AF</tstamp>
    </comp>
    <comp ref="R1">
      <value>R</value>
      <footprint>Resistors_THT:R_Axial_DIN0411_L9.9mm_D3.6mm_P12.70mm_Horizontal</footprint>
      <libsource lib="device" part="R"/>
      <sheetpath names="/" tstamps="/"/>
      <tstamp>5B7F42EE</tstamp>
    </comp>
  </components>
  <libparts>
    <libpart lib="conn" part="CONN_01X15">
      <description>Connector, single row, 01x15, pin header</description>
      <footprints>
        <fp>Pin_Header_Straight_1X*</fp>
        <fp>Pin_Header_Angled_1X*</fp>
        <fp>Socket_Strip_Straight_1X*</fp>
        <fp>Socket_Strip_Angled_1X*</fp>
      </footprints>
      <fields>
        <field name="Reference">J</field>
        <field name="Value">CONN_01X15</field>
      </fields>
      <pins>
        <pin num="1" name="P1" type="passive"/>
        <pin num="2" name="P2" type="passive"/>
        <pin num="3" name="P3" type="passive"/>
        <pin num="4" name="P4" type="passive"/>
        <pin num="5" name="P5" type="passive"/>
        <pin num="6" name="P6" type="passive"/>
        <pin num="7" name="P7" type="passive"/>
        <pin num="8" name="P8" type="passive"/>
        <pin num="9" name="P9" type="passive"/>
        <pin num="10" name="P10" type="passive"/>
        <pin num="11" name="P11" type="passive"/>
        <pin num="12" name="P12" type="passive"/>
        <pin num="13" name="P13" type="passive"/>
        <pin num="14" name="P14" type="passive"/>
        <pin num="15" name="P15" type="passive"/>
      </pins>
    </libpart>
    <libpart lib="device" part="LED">
      <description>LED generic</description>
      <footprints>
        <fp>LED*</fp>
      </footprints>
      <fields>
        <field name="Reference">D</field>
        <field name="Value">LED</field>
      </fields>
      <pins>
        <pin num="1" name="K" type="passive"/>
        <pin num="2" name="A" type="passive"/>
      </pins>
    </libpart>
    <libpart lib="device" part="R">
      <description>Resistor</description>
      <footprints>
        <fp>R_*</fp>
        <fp>R_*</fp>
      </footprints>
      <fields>
        <field name="Reference">R</field>
        <field name="Value">R</field>
      </fields>
      <pins>
        <pin num="1" name="~" type="passive"/>
        <pin num="2" name="~" type="passive"/>
      </pins>
    </libpart>
    <libpart lib="device" part="R_PHOTO">
      <description>Photoresistor, light sensitive resistor, LDR</description>
      <footprints>
        <fp>R?</fp>
        <fp>R?-*</fp>
        <fp>LDR*</fp>
      </footprints>
      <fields>
        <field name="Reference">R</field>
        <field name="Value">R_PHOTO</field>
      </fields>
      <pins>
        <pin num="1" name="~" type="passive"/>
        <pin num="2" name="~" type="passive"/>
      </pins>
    </libpart>
  </libparts>
  <libraries>
    <library logical="device">
      <uri>/usr/share/kicad/library/device.lib</uri>
    </library>
    <library logical="conn">
      <uri>/usr/share/kicad/library/conn.lib</uri>
    </library>
  </libraries>
  <nets>
    <net code="1" name="Net-(ESP_D2-Pad11)">
      <node ref="ESP_D2" pin="11"/>
    </net>
    <net code="2" name="Net-(ESP_D2-Pad1)">
      <node ref="ESP_D2" pin="1"/>
    </net>
    <net code="3" name="Net-(ESP_D2-Pad2)">
      <node ref="ESP_D2" pin="2"/>
    </net>
    <net code="4" name="Net-(ESP_D2-Pad3)">
      <node ref="ESP_D2" pin="3"/>
    </net>
    <net code="5" name="Net-(ESP_D2-Pad4)">
      <node ref="ESP_D2" pin="4"/>
    </net>
    <net code="6" name="Net-(ESP_D2-Pad5)">
      <node ref="ESP_D2" pin="5"/>
    </net>
    <net code="7" name="Net-(ESP_D2-Pad6)">
      <node ref="ESP_D2" pin="6"/>
    </net>
    <net code="8" name="Net-(ESP_D2-Pad7)">
      <node ref="ESP_D2" pin="7"/>
    </net>
    <net code="9" name="Net-(ESP_D2-Pad8)">
      <node ref="ESP_D2" pin="8"/>
    </net>
    <net code="10" name="Net-(ESP_D2-Pad9)">
      <node ref="ESP_D2" pin="9"/>
    </net>
    <net code="11" name="Net-(ESP_D2-Pad10)">
      <node ref="ESP_D2" pin="10"/>
    </net>
    <net code="12" name="/GND">
      <node ref="R1" pin="1"/>
      <node ref="ESP_D1" pin="7"/>
    </net>
    <net code="13" name="Net-(ESP_D2-Pad12)">
      <node ref="ESP_D2" pin="12"/>
    </net>
    <net code="14" name="Net-(ESP_D2-Pad13)">
      <node ref="ESP_D2" pin="13"/>
    </net>
    <net code="15" name="Net-(ESP_D2-Pad14)">
      <node ref="ESP_D2" pin="14"/>
    </net>
    <net code="16" name="/Yellow_Control">
      <node ref="R4" pin="2"/>
      <node ref="ESP_D1" pin="9"/>
    </net>
    <net code="17" name="/Red_Control">
      <node ref="R5" pin="2"/>
      <node ref="ESP_D1" pin="10"/>
    </net>
    <net code="18" name="/3V">
      <node ref="R2" pin="2"/>
      <node ref="ESP_D1" pin="6"/>
    </net>
    <net code="19" name="Net-(ESP_D1-Pad11)">
      <node ref="ESP_D1" pin="11"/>
    </net>
    <net code="20" name="Net-(ESP_D1-Pad12)">
      <node ref="ESP_D1" pin="12"/>
    </net>
    <net code="21" name="Net-(ESP_D1-Pad13)">
      <node ref="ESP_D1" pin="13"/>
    </net>
    <net code="22" name="Net-(ESP_D1-Pad14)">
      <node ref="ESP_D1" pin="14"/>
    </net>
    <net code="23" name="Net-(ESP_D1-Pad15)">
      <node ref="ESP_D1" pin="15"/>
    </net>
    <net code="24" name="/Brightness_Input">
      <node ref="ESP_D2" pin="15"/>
      <node ref="R2" pin="1"/>
      <node ref="R1" pin="2"/>
    </net>
    <net code="25" name="Net-(ESP_D1-Pad5)">
      <node ref="ESP_D1" pin="5"/>
    </net>
    <net code="26" name="Net-(D10-Pad1)">
      <node ref="D4" pin="1"/>
      <node ref="D3" pin="1"/>
      <node ref="D9" pin="1"/>
      <node ref="D10" pin="1"/>
      <node ref="R4" pin="1"/>
    </net>
    <net code="27" name="Net-(D11-Pad1)">
      <node ref="D11" pin="1"/>
      <node ref="D12" pin="1"/>
      <node ref="D6" pin="1"/>
      <node ref="D5" pin="1"/>
      <node ref="R5" pin="1"/>
    </net>
    <net code="28" name="Net-(D1-Pad1)">
      <node ref="R3" pin="1"/>
      <node ref="D2" pin="1"/>
      <node ref="D1" pin="1"/>
      <node ref="D7" pin="1"/>
      <node ref="D8" pin="1"/>
    </net>
    <net code="29" name="/Green_Control">
      <node ref="ESP_D1" pin="8"/>
      <node ref="R3" pin="2"/>
    </net>
    <net code="30" name="/Arr1_Low">
      <node ref="ESP_D1" pin="4"/>
      <node ref="D2" pin="2"/>
      <node ref="D6" pin="2"/>
      <node ref="D4" pin="2"/>
    </net>
    <net code="31" name="/Arr1_High">
      <node ref="D5" pin="2"/>
      <node ref="D3" pin="2"/>
      <node ref="D1" pin="2"/>
      <node ref="ESP_D1" pin="3"/>
    </net>
    <net code="32" name="/Arr2_Low">
      <node ref="D12" pin="2"/>
      <node ref="ESP_D1" pin="1"/>
      <node ref="D10" pin="2"/>
      <node ref="D8" pin="2"/>
    </net>
    <net code="33" name="/Arr2_High">
      <node ref="D11" pin="2"/>
      <node ref="ESP_D1" pin="2"/>
      <node ref="D7" pin="2"/>
      <node ref="D9" pin="2"/>
    </net>
  </nets>
</export>
